POS,PLAYER,RUNS,MAT,INNS,NO,HS,AVG,BF,SR,100,50,4S,6S,Year,TEAM,Price,TYPE
2,Gautam Gambhir,534,14,14,1,86,41.07,379,140.89,0,5,68,8,2008,DC,31544750.0,Batsman
3,Sanath Jayasuriya,518,14,14,2,114*,43.16,309,167.63,1,2,58,31,2008,MI,42422250.0,Allrounder
4,Shane Watson,472,15,15,5,76*,47.2,311,151.76,0,4,47,19,2008,RR,5438750.0,Allrounder
5,Graeme Smith,441,11,11,2,91,49.0,362,121.82,0,3,54,8,2008,RR,10877500.0,Batsman
6,Adam Gilchrist,436,14,14,1,109*,33.53,318,137.1,1,3,51,19,2008,PBKS,30457000.0,Wicket keeper
7,Yusuf Pathan,435,16,15,1,68,31.07,243,179.01,0,4,43,25,2008,RR,20667250.0,Allrounder
8,Suresh Raina,421,16,14,3,55*,38.27,296,142.22,0,3,35,18,2008,CSK,28281500.0,Batsman
9,MS Dhoni,414,16,14,4,65,41.4,310,133.54,0,2,38,15,2008,CSK,65265000.0,Wicketkeeper
11,Rohit Sharma,404,13,12,1,76*,36.72,273,147.98,0,4,38,19,2008,DEC,32632500.0,Batsman
15,Kumar Sangakkara,320,10,9,0,94,35.55,198,161.61,0,4,41,8,2008,PBKS,30457000.0,Wicketkeeper-batsman
16,Robin Uthappa,320,14,14,5,48,35.55,279,114.69,0,0,34,9,2008,MI,34808000.0,Batsman
17,David Hussey,319,13,13,2,71,29.0,259,123.16,0,2,19,17,2008,KKR,27193750.0,Batsman
19,Parthiv Patel,302,13,13,2,54,27.45,297,101.68,0,2,42,3,2008,CSK,14140750.0,Wicketkeeper
22,Albie Morkel,241,13,10,3,71,34.42,163,147.85,0,1,18,14,2008,CSK,29369250.0,Allrounder
23,Mark Boucher,225,10,10,3,50*,32.14,177,127.11,0,1,24,6,2008,RCB,19579500.0,Wicketkeeper
24,James Hopes,221,11,11,0,71,20.09,148,149.32,0,2,27,8,2008,PBKS,13053000.0,Allrounder
26,Jacques Kallis,199,11,11,0,54,18.09,183,108.74,0,1,23,4,2008,RCB,39159000.0,Allrounder
27,Stephen Fleming,196,10,10,1,45,21.77,164,119.51,0,0,27,3,2008,CSK,15228500.0,Batsman
28,Salman Butt,193,7,7,0,73,27.57,161,119.87,0,1,30,2,2008,KKR,4351000.0,Batsman
30,Matthew Hayden,189,4,4,1,81,63.0,131,144.27,0,2,24,6,2008,CSK,16316250.0,Batsman
31,Brendon McCullum,188,4,4,1,158*,62.66,92,204.34,1,0,13,15,2008,KKR,30457000.0,Wicketkeeper
35,Mohammad Kaif,176,16,14,3,34*,16.0,171,102.92,0,0,14,6,2008,RR,29369250.0,Batsman
37,Herschelle Gibbs,167,9,9,0,47,18.55,153,109.15,0,0,17,8,2008,DEC,25018250.0,Batsman
38,Virat Kohli,165,13,12,1,38,15.0,157,105.09,0,0,18,4,2008,RCB,2175500.0,
40,Andrew Symonds,161,4,3,1,117*,80.5,105,153.33,1,0,15,9,2008,DEC,58738500.0,Allrounder
42,VVS Laxman,155,6,6,1,52,31.0,132,117.42,0,1,22,1,2008,DEC,16316250.0,Batsman
43,Luke Pomersbach,152,5,5,4,79*,152.0,99,153.53,0,1,13,9,2008,PBKS,2175500.0,Batsman
44,Ross Taylor,149,4,4,0,53,37.25,81,183.95,0,1,13,10,2008,RCB,4351000.0,Batsman
45,Shaun Pollock,147,13,8,0,33,18.37,111,132.43,0,0,12,8,2008,MI,23930500.0,Allrounder
47,Dinesh Karthik,145,13,8,2,56*,24.16,107,135.51,0,1,13,4,2008,DC,22842750.0,Wicketkeeper
49,Irfan Pathan,131,14,10,4,40,21.83,116,112.93,0,0,9,6,2008,PBKS,40246750.0,Allrounder
50,Kamran Akmal,128,6,6,1,53*,25.6,78,164.1,0,1,13,8,2008,RR,6526500.0,Wicketkeeper
52,Misbah-ul-Haq,117,8,8,1,47*,16.71,81,144.44,0,0,10,6,2008,RCB,5438750.0,Batsman
53,Wasim Jaffer,115,6,6,0,50,19.16,104,110.57,0,1,12,3,2008,RCB,6526500.0,Batsman
54,Cameron White,114,8,8,1,31*,16.28,102,111.76,0,0,8,4,2008,RCB,21755000.0,Allrounder
55,Scott Styris,112,8,8,2,36*,18.66,123,91.05,0,0,9,2,2008,DEC,7614250.0,Allrounder
58,Tillakaratne Dilshan,104,7,7,1,33,17.33,79,131.64,0,0,14,3,2008,DC,10877500.0,Allrounder
59,Manoj Tiwary,104,9,7,3,39,26.0,85,122.35,0,0,16,0,2008,DC,29369250.0,Batsman
63,AB de Villiers,95,6,6,1,26*,19.0,98,96.93,0,0,5,1,2008,DC,13053000.0,Wicketkeeper
64,Piyush Chawla,90,15,7,3,24*,22.5,59,152.54,0,0,10,3,2008,PBKS,17404000.0,Bowler
65,Shreevats Goswami,82,4,3,0,52,27.33,85,96.47,0,1,9,1,2008,RCB,1305300.0,
66,Shahid Afridi,81,10,9,1,33,10.12,46,176.08,0,0,7,6,2008,DEC,29369250.0,Allrounder
69,Shane Warne,70,15,7,2,22*,14.0,59,118.64,0,0,7,2,2008,RR,19579500.0,Bowler
70,Ajit Agarkar,54,9,6,1,20,10.8,46,117.39,0,0,5,2,2008,KKR,15228500.0,Allrounder
71,Shoaib Malik,52,7,5,1,24,13.0,47,110.63,0,0,5,0,2008,DC,21755000.0,Allrounder
78,Ricky Ponting,39,4,4,0,20,9.75,53,73.58,0,0,2,1,2008,KKR,17404000.0,Batsman
80,Umar Gul,39,6,4,1,24,13.0,19,205.26,0,0,1,5,2008,KKR,6526500.0,Bowler
82,Sohail Tanvir,36,11,5,2,13,12.0,29,124.13,0,0,3,1,2008,RR,4351000.0,Bowler
88,Zaheer Khan,34,11,8,4,17*,8.5,43,79.06,0,0,4,0,2008,RCB,19579500.0,Bowler
91,Harbhajan Singh,30,3,3,1,28,15.0,17,176.47,0,0,1,3,2008,MI,36983500.0,Bowler
92,Murali Kartik,30,6,3,0,17,10.0,27,111.11,0,0,3,0,2008,KKR,18491750.0,Bowler
93,Ramesh Powar,28,5,1,1,28*,0.0,21,133.33,0,0,4,1,2008,PBKS,7396700.0,Bowler
95,Saurabh Tiwary,26,3,2,0,17,13.0,20,130.0,0,0,3,1,2008,MI,2175500.0,
101,Chaminda Vaas,21,5,4,1,12*,7.0,18,116.66,0,0,0,1,2008,DEC,8702000.0,Bowler
103,Mohammad Hafeez,20,8,3,1,13,10.0,22,90.9,0,0,2,1,2008,KKR,4351000.0,All-rounder
106,Jacob Oram,18,4,3,2,13,18.0,12,150.0,0,0,1,1,2008,CSK,29369250.0,Allrounder
107,Brett Lee,17,4,3,2,16*,17.0,13,130.76,0,0,2,1,2008,PBKS,39159000.0,Bowler
109,Joginder Sharma,16,8,3,1,16,8.0,11,145.45,0,0,1,1,2008,CSK,9789750.0,Allrounder
112,Anil Kumble,13,10,5,3,8,6.5,17,76.47,0,0,1,0,2008,RCB,21755000.0,Bowler
114,Nuwan Zoysa,11,3,2,1,10*,11.0,9,122.22,0,0,1,0,2008,DEC,4786099.999999999,Bowler
115,Makhaya Ntini,11,9,2,1,11,11.0,18,61.11,0,0,2,0,2008,CSK,8702000.0,Bowler
116,Ishant Sharma,11,13,6,5,4*,11.0,11,100.0,0,0,1,0,2008,KKR,41334500.0,Bowler
117,Taruwar Kohli,10,2,2,0,7,5.0,15,66.66,0,0,0,1,2008,RR,1305300.0,
119,Dimitri Mascarenhas,9,1,1,0,9,9.0,8,112.5,0,0,0,1,2008,RR,4351000.0,Allrounder
120,Tanmay Srivastava,8,5,2,1,7,8.0,10,80.0,0,0,0,0,2008,PBKS,2175500.0,
129,Younis Khan,3,1,1,0,3,3.0,7,42.85,0,0,0,0,2008,RR,9789750.0,Batsman
131,Manish Pandey,3,3,2,0,3,1.5,9,33.33,0,0,0,0,2008,MI,1305300.0,
132,Mohammad Asif,3,8,2,0,3,1.5,6,50.0,0,0,0,0,2008,DC,28281500.0,Bowler
136,Shoaib Akhtar,2,3,1,0,2,2.0,7,28.57,0,0,0,0,2008,KKR,18491750.0,Bowler
137,Dilhara Fernando,2,5,1,1,2*,0.0,1,200.0,0,0,0,0,2008,MI,6526500.0,Bowler
138,Pradeep Sangwan,2,7,2,0,2,1.0,5,40.0,0,0,0,0,2008,DC,2175500.0,
139,Dale Steyn,2,10,2,1,1*,2.0,5,40.0,0,0,0,0,2008,RCB,14140750.0,Bowler
143,Iqbal Abdulla,1,1,1,1,1*,0.0,2,50.0,0,0,0,0,2008,KKR,1305300.0,
147,Abdur Razzak,0,1,1,1,0*,0.0,2,0.0,0,0,0,0,2008,RCB,2175500.0,Bowler
148,Abhinav Mukund,0,2,1,0,0*,0.0,1,0.0,0,0,0,0,2008,CSK,2175500.0,
150,Munaf Patel,0,15,2,2,0*,0.0,1,0.0,0,0,0,0,2008,RR,11965250.0,Bowler
4,JP Duminy,372,13,12,3,62,41.33,325,114.46,0,5,26,11,2009,MI,46550000.0,All-Rounder
24,Dwayne Smith,215,8,8,0,49,26.87,132,162.87,0,0,12,15,2009,DEC,4900000.0,All-Rounder
38,Ravi Bopara,138,5,5,0,84,27.6,119,115.96,0,1,8,7,2009,PBKS,22050000.0,All-Rounder
48,Kevin Pietersen,93,6,6,0,37,15.5,85,109.41,0,0,8,2,2009,RCB,75950000.0,Batsman
59,Andrew Flintoff,62,3,3,1,24,31.0,53,116.98,0,0,5,2,2009,CSK,75950000.0,All-Rounder
61,Jesse Ryder,56,5,5,0,32,11.2,49,114.28,0,0,9,0,2009,RCB,7840000.0,All-Rounder
67,George Bailey,45,3,2,0,30,22.5,39,115.38,0,0,7,0,2009,CSK,2450000.0,Batsman
98,Tyron Henderson,11,2,2,0,11,5.5,16,68.75,0,0,0,1,2009,RR,31850000.0,All-Rounder
115,Mashrafe Mortaza,2,1,1,1,2*,0.0,2,100.0,0,0,0,0,2009,KKR,29400000.0,Bowler
116,Mohammad Ashraful,2,1,1,0,2,2.0,10,20.0,0,0,0,0,2009,MI,3675000.0,Batsman
117,Thilan Thushara,2,2,2,1,1*,2.0,7,28.57,0,0,0,0,2009,CSK,6860000.0,Bowler
20,Brendon McCullum,357,13,13,0,81,27.46,275,129.81,0,1,35,16,2011,KTK,44100000.0,Batsman
29,Brad Hodge,285,14,14,6,51*,35.62,236,120.76,0,1,26,9,2011,KTK,23275000.0,Batsman
30,Ravindra Jadeja,283,14,12,3,47,31.44,228,124.12,0,0,20,14,2011,KTK,98000000.0,All-rounder
40,Parthiv Patel,202,14,13,3,37*,20.2,183,110.38,0,0,25,2,2011,KTK,31850000.0,Batsman
78,Vinay Kumar,50,13,7,1,18,8.33,47,106.38,0,0,4,1,2011,KTK,49000000.0,Bowler
107,Thisara Perera,23,4,2,0,22,11.5,27,85.18,0,0,4,0,2011,KTK,31850000.0,All-rounder
127,Ramesh Powar,11,5,3,2,8*,11.0,13,84.61,0,0,0,0,2011,KTK,7840000.0,All-rounder
144,Muttiah Muralitharan,5,5,1,1,5*,0.0,8,62.5,0,0,0,0,2011,KTK,10780000.0,Bowler
27,Brendon McCullum,289,12,12,0,56,24.08,283,102.12,0,1,37,3,2012,KKR,46800000.0,Batsman
36,Brad Hodge,245,12,12,4,48*,30.62,175,140.0,0,0,18,9,2012,RR,24700000.0,Batsman
47,Parthiv Patel,194,14,13,2,45,17.63,165,117.57,0,0,19,4,2012,DEC,33800000.0,Batsman
50,Ravindra Jadeja,191,19,14,2,48,15.91,151,126.49,0,0,13,9,2012,CSK,104000000.0,All-rounder
51,Azhar Mahmood,186,11,10,2,36,23.25,142,130.98,0,0,16,8,2012,PBKS,10400000.0,All-rounder
64,Daniel Harris,111,4,4,0,47,27.75,101,109.9,0,0,11,5,2012,DEC,3640000.0,Bowler
75,Herschelle Gibbs,81,3,3,1,66*,40.5,88,92.04,0,1,8,2,2012,MI,2600000.0,Batsman
80,Vinay Kumar,68,15,7,2,25,13.6,62,109.67,0,0,3,2,2012,RCB,52000000.0,Bowler
86,Andre Russell,47,4,2,0,31,23.5,26,180.76,0,0,3,3,2012,DC,23400000.0,All-rounder
91,Kevon Cooper,38,6,4,2,14,19.0,20,190.0,0,0,3,3,2012,RR,2600000.0,Bowler
98,Robin Peterson,32,5,5,2,16*,10.66,30,106.66,0,0,3,1,2012,MI,5200000.0,Bowler
118,Brad Hogg,15,9,3,1,13,7.5,16,93.75,0,0,1,0,2012,RR,9360000.0,Bowler
122,James Faulkner,14,2,2,1,11*,14.0,13,107.69,0,0,0,0,2012,PBKS,9880000.0,All-rounder
124,Doug Bracewell,12,1,1,1,12*,0.0,9,133.33,0,0,1,0,2012,DC,2600000.0,Bowler
130,Sunil Narine,9,15,2,1,9*,9.0,7,128.57,0,0,2,0,2012,KKR,36400000.0,Bowler
140,Muttiah Muralitharan,6,10,2,0,6,3.0,9,66.66,0,0,0,0,2012,RCB,11440000.0,Bowler
148,Thisara Perera,4,2,2,1,4*,4.0,9,44.44,0,0,0,0,2012,MI,33800000.0,All-rounder
38,Thisara Perera,233,16,14,4,40,23.3,163,142.94,0,0,12,14,2013,SRH,40500000.0,All-Rounder
44,Darren Sammy,174,10,9,3,60,29.0,132,131.81,0,1,11,10,2013,SRH,25500000.0,All-Rounder
46,Moises Henriques,165,10,9,5,44,41.25,125,132.0,0,0,20,3,2013,RCB,18000000.0,All-Rounder
79,Abhishek Nayar,66,11,9,3,25*,11.0,73,90.41,0,0,5,0,2013,PWI,40500000.0,All-Rounder
82,Luke Pomersbach,58,3,3,1,33*,29.0,59,98.3,0,0,5,1,2013,PBKS,18000000.0,Batsman
84,James Faulkner,57,16,9,4,19*,11.4,57,100.0,0,0,5,2,2013,RR,24000000.0,All-Rounder
86,Ricky Ponting,52,6,5,0,28,10.4,75,69.33,0,0,3,1,2013,MI,24000000.0,Batsman
91,Manpreet Gony,45,8,5,1,42,11.25,25,180.0,0,0,4,3,2013,PBKS,30000000.0,Bowler
93,Johan Botha,43,6,6,0,23,7.16,52,82.69,0,0,5,1,2013,DC,27000000.0,All-Rounder
97,Ravi Rampaul,38,10,6,2,23*,9.5,37,102.7,0,0,3,1,2013,RCB,17400000.0,Bowler
99,Glenn Maxwell,36,3,3,1,23,18.0,27,133.33,0,0,1,4,2013,MI,60000000.0,All-Rounder
101,Kane Richardson,34,3,2,0,26,17.0,36,94.44,0,0,2,1,2013,PWI,42000000.0,Bowler
104,Jeevan Mendis,23,3,3,0,12,7.66,27,85.18,0,0,0,0,2013,DC,3000000.0,All-Rounder
123,Nathan Coulter-Nile,9,1,1,0,9,9.0,6,150.0,0,0,0,1,2013,MI,27000000.0,Bowler
144,Ben Laughlin,4,2,2,1,4*,4.0,9,44.44,0,0,0,0,2013,CSK,1200000.0,Bowler
148,Ryan McLaren,3,2,2,0,2,1.5,6,50.0,0,0,0,0,2013,KKR,3000000.0,Bowler
155,Ajantha Mendis,2,3,1,0,2,2.0,4,50.0,0,0,0,0,2013,PWI,43500000.0,Bowler
1,Robin Uthappa,660,16,16,1,83*,44.0,479,137.78,0,5,74,18,2014,KKR,50000000.0,Batsman
2,Dwayne Smith,566,16,16,0,79,35.37,416,136.05,0,5,50,34,2014,CSK,36000000.0,Batsman
3,Glenn Maxwell,552,16,16,0,95,34.5,294,187.75,0,4,48,36,2014,PBKS,60000000.0,All-Rounder
4,David Warner,528,14,14,3,90,48.0,375,140.8,0,6,39,24,2014,SRH,55000000.0,Batsman
6,Virender Sehwag,455,17,17,0,122,26.76,315,144.44,1,1,56,18,2014,PBKS,32000000.0,Batsman
9,Brendon McCullum,405,14,14,1,71*,31.15,333,121.62,0,3,32,19,2014,CSK,1200000.0,Wicket Keeper
10,Manish Pandey,401,16,16,3,94,30.84,340,117.94,0,2,35,10,2014,KKR,17000000.0,Batsman
15,Yuvraj Singh,376,14,14,3,83,34.18,278,135.25,0,3,22,28,2014,RCB,140000000.0,All-Rounder
17,Wriddhiman Saha,362,17,13,2,115*,32.9,249,145.38,1,2,33,18,2014,PBKS,22000000.0,Wicket Keeper
23,Karun Nair,330,11,11,1,73*,33.0,232,142.24,0,3,38,9,2014,RR,7500000.0,Batsman
24,Dinesh Karthik,325,14,14,0,69,23.21,258,125.96,0,3,28,11,2014,DC,6000000.0,Wicket Keeper
26,Aaron Finch,309,13,13,2,88*,28.09,263,117.49,0,2,31,9,2014,SRH,40000000.0,Batsman
28,Kevin Pietersen,294,11,11,1,58,29.4,233,126.18,0,1,34,7,2014,DC,3000000.0,Batsman
30,Yusuf Pathan,268,15,12,3,72,29.77,165,162.42,0,1,15,20,2014,KKR,32500000.0,All-Rounder
31,Corey Anderson,265,12,11,2,95*,29.44,181,146.4,0,1,21,15,2014,MI,45000000.0,All-Rounder
32,George Bailey,257,17,16,7,40*,28.55,190,135.26,0,0,19,10,2014,PBKS,32500000.0,Batsman
34,Naman Ojha,232,11,10,4,79*,38.66,161,144.09,0,1,14,17,2014,SRH,5000000.0,Wicket Keeper
35,Shakib Al Hasan,227,13,11,4,60,32.42,152,149.34,0,1,22,7,2014,KKR,28000000.0,All-Rounder
36,Michael Hussey,209,9,9,0,56,23.22,182,114.83,0,2,17,7,2014,MI,50000000.0,Batsman
37,Murali Vijay,207,11,11,0,52,18.81,192,107.81,0,1,20,5,2014,DC,43500000.0,Batsman
38,Parthiv Patel,205,12,12,2,57*,20.5,185,110.81,0,1,30,1,2014,RCB,14000000.0,Wicket Keeper
41,KL Rahul,166,11,8,0,46,20.75,164,101.21,0,0,12,3,2014,SRH,10000000.0,Batsman
42,Suryakumar Yadav,164,16,10,5,34,32.8,117,140.17,0,0,16,5,2014,KKR,7000000.0,Batsman
44,Manoj Tiwary,152,8,8,3,61*,30.4,118,128.81,0,1,14,4,2014,DC,24000000.0,Batsman
45,Jacques Kallis,151,8,7,1,72,25.16,129,117.05,0,1,13,4,2014,KKR,55000000.0,All-Rounder
46,Kedar Jadhav,149,10,10,5,37,29.8,101,147.52,0,0,13,7,2014,DC,24000000.0,Batsman
49,Aditya Tare,126,15,12,4,24,15.75,98,128.57,0,0,16,3,2014,MI,16000000.0,Wicket Keeper
50,Cheteshwar Pujara,125,6,6,1,40*,25.0,124,100.8,0,0,17,0,2014,PBKS,19000000.0,Batsman
54,Mayank Agarwal,115,8,8,0,31,14.37,91,126.37,0,0,12,3,2014,DC,17400000.0,Batsman
55,Darren Sammy,108,10,9,2,29,15.42,91,118.68,0,0,4,8,2014,SRH,35000000.0,All-Rounder
56,Yogesh Takawale,104,5,5,0,45,20.8,91,114.28,0,0,17,1,2014,RCB,1000000.0,Wicket Keeper
57,Brad Hodge,101,4,4,1,40,33.66,72,140.27,0,0,4,6,2014,RR,24000000.0,Batsman
58,Mitchell Starc,85,14,9,3,29,14.16,84,101.19,0,0,9,0,2014,RCB,50000000.0,Bowler
59,Rishi Dhawan,82,13,6,4,23*,41.0,75,109.33,0,0,8,1,2014,PBKS,30000000.0,All-Rounder
60,Sachin Rana,73,9,7,4,19*,24.33,65,112.3,0,0,7,1,2014,RCB,2000000.0,Bowler
61,Venugopal Rao,71,7,5,2,27,23.66,63,112.69,0,0,8,0,2014,SRH,5500000.0,Batsman
62,Shaun Marsh,70,2,2,0,40,35.0,52,134.61,0,0,7,3,2014,PBKS,22000000.0,Batsman
63,Rajat Bhatia,67,12,7,2,23,13.4,53,126.41,0,0,4,3,2014,RR,17000000.0,All-Rounder
65,Ross Taylor,59,4,4,1,43*,19.66,59,100.0,0,0,6,0,2014,DC,31500000.0,Batsman
66,Chris Lynn,58,2,2,0,45,29.0,49,118.36,0,0,5,3,2014,KKR,13000000.0,Batsman
67,Mitchell Johnson,56,14,8,5,16*,18.66,50,112.0,0,0,4,3,2014,PBKS,65000000.0,All-Rounder
68,Irfan Pathan,55,10,6,4,23*,27.5,54,101.85,0,0,5,0,2014,SRH,24000000.0,All-Rounder
70,Albie Morkel,45,7,5,2,16,15.0,41,109.75,0,0,1,3,2014,RCB,24000000.0,All-Rounder
72,Abhishek Nayar,43,5,4,1,23,14.33,47,91.48,0,0,5,1,2014,RR,10000000.0,All-Rounder
74,Karn Sharma,42,14,8,4,17*,10.5,29,144.82,0,0,1,3,2014,SRH,37500000.0,Bowler
75,Ben Dunk,40,3,3,0,20,13.33,35,114.28,0,0,7,0,2014,MI,2000000.0,Wicket Keeper
77,Kevon Cooper,39,5,5,2,32,13.0,26,150.0,0,0,2,3,2014,RR,3000000.0,All-Rounder
78,Dhawal Kulkarni,35,8,2,2,28*,0.0,25,140.0,0,0,1,2,2014,RR,11000000.0,Bowler
79,Varun Aaron,35,10,3,3,17*,0.0,34,102.94,0,0,2,1,2014,RCB,20000000.0,Bowler
80,Mithun Manhas,35,12,5,3,13*,17.5,23,152.17,0,0,3,1,2014,CSK,37500000.0,All-Rounder
82,Laxmi Ratan Shukla,31,5,3,0,21,10.33,38,81.57,0,0,2,1,2014,DC,9000000.0,All-Rounder
83,Piyush Chawla,31,11,5,2,17*,10.33,19,163.15,0,0,4,1,2014,KKR,42500000.0,Bowler
84,Vijay Zol,29,3,2,0,16,14.5,26,111.53,0,0,3,1,2014,RCB,3000000.0,Batsman
88,Rahul Shukla,18,3,3,2,14,18.0,21,85.71,0,0,2,0,2014,DC,6000000.0,Bowler
89,Jason Holder,16,1,1,0,16,16.0,12,133.33,0,0,2,1,2014,SRH,7500000.0,Bowler
90,Nic Maddinson,16,2,2,0,12,8.0,14,114.28,0,0,3,0,2014,RCB,5000000.0,Batsman
91,Rahul Tewatia,16,3,1,0,16,16.0,13,123.07,0,0,0,1,2014,RR,1000000.0,All-Rounder
92,Ravi Rampaul,13,2,1,0,13,13.0,13,100.0,0,0,0,1,2014,RCB,9000000.0,Bowler
93,Harshal Patel,13,3,3,1,6,6.5,7,185.71,0,0,1,1,2014,RCB,4000000.0,Bowler
94,Shreyas Gopal,11,4,1,0,11,11.0,10,110.0,0,0,1,0,2014,MI,1000000.0,Bowler
96,Moises Henriques,9,4,2,0,9,4.5,14,64.28,0,0,1,0,2014,SRH,10000000.0,All-Rounder
97,Ben Cutting,8,1,1,0,8,8.0,6,133.33,0,0,0,1,2014,RR,8000000.0,Bowler
100,Zaheer Khan,8,6,4,3,7*,8.0,7,114.28,0,0,0,1,2014,MI,26000000.0,Bowler
101,Shahbaz Nadeem,7,11,3,1,3*,3.5,19,36.84,0,0,0,0,2014,DC,40500000.0,Bowler
102,Shivam Sharma,5,4,2,1,4,5.0,3,166.66,0,0,1,0,2014,PBKS,1000000.0,Bowler
103,Pravin Tambe,5,13,2,0,3,2.5,9,55.55,0,0,0,0,2014,RR,1000000.0,Bowler
104,Dishant Yagnik,4,1,1,1,4*,0.0,6,66.66,0,0,0,0,2014,RR,3000000.0,Wicket Keeper
105,Tim Southee,4,3,1,0,4,4.0,4,100.0,0,0,1,0,2014,RR,12000000.0,Bowler
107,Ashok Dinda,4,9,3,2,2*,4.0,12,33.33,0,0,0,0,2014,RCB,15000000.0,Bowler
109,Amit Mishra,4,10,2,1,4*,4.0,7,57.14,0,0,0,0,2014,SRH,1000000.0,Bowler
109,Amit Mishra,4,10,2,1,4*,4.0,7,57.14,0,0,0,0,2014,SRH,47500000.0,Bowler
110,Morne Morkel,4,12,2,2,4*,0.0,3,133.33,0,0,0,0,2014,KKR,28000000.0,Bowler
111,Manvinder Bisla,3,1,1,0,3,3.0,9,33.33,0,0,0,0,2014,KKR,6000000.0,Wicket Keeper
112,Srikkanth Anirudha,3,1,1,0,3,3.0,5,60.0,0,0,0,0,2014,SRH,2000000.0,Batsman
113,Mohammad Shami,3,12,4,2,1*,1.5,7,42.85,0,0,0,0,2014,DC,42000000.0,Bowler
114,Unmukt Chand,2,1,1,0,2,2.0,9,22.22,0,0,0,0,2014,RR,6500000.0,Batsman
115,Andre Russell,2,2,2,0,1,1.0,8,25.0,0,0,0,0,2014,KKR,6000000.0,All-Rounder
116,Siddarth Kaul,2,5,1,1,2*,0.0,2,100.0,0,0,0,0,2014,DC,6000000.0,Bowler
117,Wayne Parnell,2,8,2,1,2,2.0,2,100.0,0,0,0,0,2014,DC,3000000.0,Bowler
119,Sandeep Sharma,2,11,1,1,2*,0.0,5,40.0,0,0,0,0,2014,PBKS,8500000.0,Bowler
120,Umesh Yadav,2,12,1,0,2,2.0,4,50.0,0,0,0,0,2014,KKR,26000000.0,Bowler
122,Vikramjeet Malik,1,1,1,1,1*,0.0,2,50.0,0,0,0,0,2014,RR,2000000.0,Bowler
124,Karanveer Singh,1,5,1,1,1*,0.0,1,100.0,0,0,0,0,2014,PBKS,1000000.0,All-Rounder
125,Kane Richardson,1,7,1,0,1,1.0,2,50.0,0,0,0,0,2014,RR,10000000.0,Bowler
126,Jaydev Unadkat,1,9,2,1,1*,1.0,6,16.66,0,0,0,0,2014,DC,12600000.0,Bowler
127,Lakshmipathy Balaji,1,9,2,1,1*,1.0,3,33.33,0,0,0,0,2014,PBKS,18000000.0,Bowler
128,Jasprit Bumrah,1,11,2,2,1*,0.0,3,33.33,0,0,0,0,2014,MI,12000000.0,Bowler
129,Bhuvneshwar Kumar,1,14,2,1,1,1.0,4,25.0,0,0,0,0,2014,SRH,42500000.0,Bowler
131,Mohit Sharma,1,16,1,1,1*,0.0,3,33.33,0,0,0,0,2014,CSK,1200000.0,Bowler
132,Beuran Hendricks,0,3,1,0,0*,0.0,1,0.0,0,0,0,0,2014,PBKS,18000000.0,Bowler
8,Shreyas Iyer,439,14,14,1,83,33.76,342,128.36,0,4,41,21,2015,DC,60000000.0,Batsman
28,Murali Vijay,251,11,11,0,39,22.81,228,110.08,0,0,27,8,2015,PBKS,12600000.0,Batsman
30,Yuvraj Singh,248,14,13,0,57,19.07,210,118.09,0,2,23,10,2015,DC,30000000.0,Batsman
37,Eoin Morgan,187,9,9,1,63,23.37,151,123.84,0,1,11,11,2015,SRH,15000000.0,Batsman
42,Ravi Bopara,145,9,8,3,41,29.0,120,120.83,0,0,6,6,2015,SRH,10000000.0,All-Rounder
44,Angelo Mathews,144,11,10,3,28,20.57,104,138.46,0,0,12,6,2015,DC,18000000.0,All-Rounder
47,Dinesh Karthik,141,16,11,0,28,12.81,117,120.51,0,0,15,4,2015,RCB,105000000.0,Wicket Keeper
51,David Wiese,122,14,7,3,47*,30.5,86,141.86,0,0,12,4,2015,RCB,28000000.0,All-Rounder
55,Hardik Pandya,112,9,8,3,61*,22.4,62,180.64,0,1,9,8,2015,MI,1000000.0,All-Rounder
61,Albie Morkel,86,4,3,2,73*,86.0,65,132.3,0,1,9,2,2015,DC,3000000.0,All-Rounder
64,Michael Hussey,77,4,4,0,56,19.25,70,110.0,0,1,5,3,2015,CSK,37500000.0,Batsman
73,Hanuma Vihari,39,5,4,0,16,9.75,35,111.42,0,0,6,0,2015,SRH,1000000.0,Batsman
78,Kane Williamson,31,2,2,1,26*,31.0,27,114.81,0,0,1,1,2015,SRH,6000000.0,All-Rounder
83,Aaron Finch,23,3,3,1,10*,11.5,33,69.69,0,0,4,0,2015,MI,25500000.0,Batsman
89,Praveen Kumar,17,12,4,1,12,5.66,25,68.0,0,0,1,0,2015,SRH,22000000.0,Bowler
91,Sean Abbott,15,2,2,0,14,7.5,13,115.38,0,0,1,1,2015,RCB,10000000.0,Bowler
94,Darren Sammy,13,2,2,0,7,6.5,18,72.22,0,0,0,0,2015,RCB,28000000.0,All-Rounder
96,Mitchell McClenaghan,13,12,3,2,12*,13.0,6,216.66,0,0,0,2,2015,MI,6000000.0,Bowler
102,Amit Mishra,8,12,4,2,4,4.0,12,66.66,0,0,0,0,2015,DC,3000000.0,Bowler
105,Brad Hogg,7,6,2,1,5,7.0,6,116.66,0,0,0,0,2015,KKR,17400000.0,Bowler
118,Juan Theron,1,1,1,1,1*,0.0,1,100.0,0,0,0,0,2015,RR,3000000.0,Bowler
13,Aaron Finch,393,13,12,2,74,39.3,299,131.43,0,5,45,11,2016,GL,40500000.0,Batsman
15,Karun Nair,357,14,12,2,83*,35.7,297,120.2,0,3,40,6,2016,DC,1200000.0,Batsman
17,Dinesh Karthik,335,16,15,2,53,25.76,266,125.93,0,3,38,3,2016,GL,3000000.0,Wicket Keeper
19,Dwayne Smith,324,12,12,1,73,29.45,221,146.6,0,3,35,16,2016,GL,43500000.0,All-Rounder
20,Sanju Samson,291,14,14,3,60,26.45,259,112.35,0,1,20,8,2016,DC,1200000.0,Wicket Keeper
24,Jos Buttler,255,14,14,3,41,23.18,184,138.58,0,0,23,11,2016,MI,38000000.0,Wicket Keeper
26,Krunal Pandya,237,12,9,3,86,39.5,124,191.12,0,1,22,13,2016,MI,20000000.0,All-Rounder
27,Yuvraj Singh,236,10,10,1,44,26.22,179,131.84,0,0,22,13,2016,SRH,70000000.0,All-Rounder
31,Rishabh Pant,198,10,10,2,69,24.75,152,130.26,0,1,19,6,2016,DC,27000000.0,Wicket Keeper
39,Shane Watson,179,16,15,2,36,13.76,134,133.58,0,0,14,12,2016,RCB,95000000.0,All-Rounder
46,Thisara Perera,150,12,10,3,34,21.42,93,161.29,0,0,7,11,2016,RPS,10000000.0,All-Rounder
47,Marcus Stoinis,146,7,5,1,52,36.5,108,135.18,0,1,13,4,2016,PBKS,1200000.0,All-Rounder
48,Deepak Hooda,144,17,15,1,34,10.28,121,119.0,0,0,9,5,2016,SRH,42000000.0,All-Rounder
53,Sachin Baby,119,11,6,1,33,23.8,79,150.63,0,0,9,5,2016,RCB,1000000.0,Batsman
60,Sam Billings,88,5,4,0,54,22.0,64,137.5,0,1,4,4,2016,DC,3000000.0,Wicket Keeper
62,Carlos Brathwaite,83,8,6,0,34,13.83,38,218.42,0,0,6,8,2016,DC,1200000.0,All-Rounder
64,Kevin Pietersen,73,4,4,2,37,36.5,61,119.67,0,0,4,3,2016,RPS,35000000.0,Batsman
66,Ben Cutting,65,4,4,2,39*,32.5,34,191.17,0,0,4,6,2016,SRH,5000000.0,All-Rounder
67,Stuart Binny,63,14,6,3,21,21.0,39,161.53,0,0,5,4,2016,RCB,20000000.0,All-Rounder
69,Pawan Negi,57,8,6,4,19*,28.5,59,96.61,0,0,2,3,2016,DC,37500000.0,All-Rounder
70,Travis Head,54,3,3,1,37,27.0,40,135.0,0,0,3,2,2016,RCB,5000000.0,Batsman
76,Ishan Kishan,42,5,5,0,27,8.4,41,102.43,0,0,5,0,2016,GL,12600000.0,Wicket Keeper
80,Rajat Bhatia,34,10,6,5,21,34.0,20,170.0,0,0,1,2,2016,RPS,6000000.0,All-Rounder
82,Mohit Sharma,32,14,6,2,15,8.0,26,123.07,0,0,3,1,2016,PBKS,6000000.0,Bowler
83,Colin Munro,30,4,3,0,16,10.0,30,100.0,0,0,3,0,2016,KKR,3000000.0,All-Rounder
85,Tim Southee,30,11,4,1,25,10.0,19,157.89,0,0,1,2,2016,MI,25000000.0,Bowler
86,Praveen Kumar,28,16,7,3,15,7.0,27,103.7,0,0,4,0,2016,GL,24000000.0,Bowler
90,Eklavya Dwivedi,24,4,2,0,19,12.0,14,171.42,0,0,2,2,2016,GL,24000000.0,Wicket Keeper
91,Rajagopal Sathish,24,4,3,0,10,8.0,24,100.0,0,0,1,1,2016,KKR,2000000.0,All-Rounder
93,Dhawal Kulkarni,23,14,5,3,6*,11.5,15,153.33,0,0,2,0,2016,GL,42000000.0,Bowler
94,Jason Holder,22,4,4,0,13,5.5,19,115.78,0,0,2,1,2016,KKR,7000000.0,All-Rounder
95,Akshdeep Nath,20,4,3,0,12,6.66,27,74.07,0,0,1,0,2016,GL,6000000.0,All-Rounder
99,Farhaan Behardien,14,3,3,1,9*,7.0,13,107.69,0,0,2,0,2016,PBKS,3000000.0,All-Rounder
102,Kyle Abbott,13,5,3,2,12*,13.0,8,162.5,0,0,0,1,2016,PBKS,6000000.0,Bowler
103,Irfan Pathan,11,4,3,0,7,3.66,13,84.61,0,0,0,0,2016,RPS,10000000.0,All-Rounder
108,Aditya Tare,8,3,2,0,8,4.0,15,53.33,0,0,1,0,2016,SRH,12000000.0,Wicket Keeper
111,Mitchell Marsh,7,3,1,0,7,7.0,11,63.63,0,0,0,0,2016,RPS,48000000.0,All-Rounder
112,Pravin Tambe,7,7,1,1,7*,0.0,19,36.84,0,0,1,0,2016,GL,24000000.0,Bowler
114,Peter Handscomb,6,2,1,0,6,6.0,12,50.0,0,0,0,0,2016,RPS,3000000.0,Wicket Keeper
120,Amit Mishra,4,14,2,0,3,2.0,14,28.57,0,0,0,0,2016,DC,17400000.0,Bowler
122,Ankit Sharma,3,3,1,1,3*,0.0,3,100.0,0,0,0,0,2016,RPS,1000000.0,All-Rounder
126,Dale Steyn,1,1,1,0,1,1.0,2,50.0,0,0,0,0,2016,GL,6000000.0,Bowler
127,Kane Richardson,1,4,1,1,1*,0.0,1,100.0,0,0,0,0,2016,RCB,20000000.0,Bowler
129,Shadab Jakati,1,6,1,1,1*,0.0,2,50.0,0,0,0,0,2016,GL,31500000.0,All-Rounder
130,Ashish Nehra,1,8,2,2,1*,0.0,1,100.0,0,0,0,0,2016,SRH,55000000.0,Bowler
132,Swapnil Singh,0,1,1,0,0*,0.0,1,0.0,0,0,0,0,2016,PBKS,1000000.0,All-Rounder
134,Adam Zampa,0,5,1,0,0*,0.0,1,0.0,0,0,0,0,2016,RPS,3000000.0,Bowler
135,Shivil Kaushik,0,7,2,1,0*,0.0,1,0.0,0,0,0,0,2016,GL,9000000.0,Bowler
19,Manoj Tiwary,324,15,13,3,60,32.4,236,137.28,0,2,31,11,2017,RPS,5000000.0,Batsman
48,Pawan Negi,144,12,10,2,35,18.0,111,129.72,0,0,10,7,2017,RCB,10000000.0,All-Rounder
50,Corey Anderson,142,11,11,4,41*,20.28,123,115.44,0,0,8,9,2017,DC,1200000.0,All-Rounder
53,Martin Guptill,132,7,7,1,50*,22.0,88,150.0,0,1,17,5,2017,PBKS,31500000.0,Batsman
65,Eoin Morgan,65,4,4,0,26,16.25,62,104.83,0,0,6,2,2017,PBKS,12600000.0,Batsman
66,Jason Roy,59,3,3,1,31,29.5,40,147.5,0,0,9,1,2017,GL,18000000.0,Batsman
67,Kagiso Rabada,55,6,3,0,44,18.33,64,85.93,0,0,5,1,2017,DC,37500000.0,Bowler
70,Saurabh Tiwary,52,1,1,0,52,52.0,43,120.93,0,1,9,0,2017,MI,3000000.0,Batsman
73,Karn Sharma,49,9,6,0,19,8.16,41,119.51,0,0,5,2,2017,MI,32000000.0,All-Rounder
75,Chris Woakes,46,13,7,3,18,11.5,47,97.87,0,0,4,1,2017,KKR,6000000.0,All-Rounder
78,Ishank Jaggi,33,2,2,1,28,33.0,39,84.61,0,0,3,0,2017,KKR,1200000.0,Batsman
79,Angelo Mathews,32,3,2,0,31,16.0,27,118.51,0,0,2,1,2017,DC,1200000.0,All-Rounder
83,Basil Thampi,28,12,5,5,13*,0.0,28,100.0,0,0,1,1,2017,GL,37500000.0,Bowler
86,Aniket Choudhary,25,5,3,2,15*,25.0,20,125.0,0,0,1,1,2017,RCB,20000000.0,Bowler
87,Mitchell Johnson,20,5,3,3,13*,0.0,17,117.64,0,0,1,1,2017,MI,20000000.0,Bowler
89,Rahul Tewatia,19,3,2,1,15*,19.0,11,172.72,0,0,4,0,2017,PBKS,18000000.0,All-Rounder
91,Aditya Tare,18,3,3,0,18,6.0,23,78.26,0,0,3,0,2017,DC,27000000.0,Wicket Keeper
100,Nathan Coulter-Nile,14,8,3,0,6,4.66,12,116.66,0,0,0,2,2017,KKR,3000000.0,Bowler
110,Tymal Mills,8,5,3,0,6,2.66,11,72.72,0,0,0,1,2017,RCB,120000000.0,Bowler
119,Darren Bravo,6,1,1,1,6*,0.0,5,120.0,0,0,1,0,2017,KKR,25500000.0,Batsman
122,Trent Boult,5,6,1,1,5*,0.0,8,62.5,0,0,0,0,2017,KKR,9000000.0,Bowler
124,Varun Aaron,4,6,2,1,4,4.0,10,40.0,0,0,0,0,2017,PBKS,24000000.0,Bowler
127,Rahul Chahar,3,3,1,1,3*,0.0,2,150.0,0,0,0,0,2017,RPS,1000000.0,Bowler
129,Mohammad Nabi,2,3,1,0,2,2.0,3,66.66,0,0,0,0,2017,SRH,3000000.0,All-Rounder
134,Jaydev Unadkat,2,12,2,2,2*,0.0,5,40.0,0,0,0,0,2017,RPS,3000000.0,Bowler
136,Lockie Ferguson,1,4,1,1,1*,0.0,1,100.0,0,0,0,0,2017,RPS,5000000.0,Bowler
138,Akshdeep Nath,0,1,1,0,0*,0.0,1,0.0,0,0,0,0,2017,GL,24000000.0,All-Rounder
139,Chris Jordan,0,1,1,0,0*,0.0,1,0.0,0,0,0,0,2017,SRH,5000000.0,All-Rounder
140,Munaf Patel,0,2,1,0,0*,0.0,1,0.0,0,0,0,0,2017,GL,27000000.0,Bowler
1,Kane Williamson,735,17,17,3,84,52.5,516,142.44,0,8,64,28,2018,SRH,30000000.0,Batsman
3,KL Rahul,659,14,14,2,95*,54.91,416,158.41,0,6,66,32,2018,PBKS,110000000.0,Batsman
4,Ambati Rayudu,602,16,16,2,100*,43.0,402,149.75,1,3,53,34,2018,CSK,27000000.0,Wicket Keeper
5,Shane Watson,555,15,15,1,117*,39.64,359,154.59,2,2,44,35,2018,CSK,1200000.0,All-Rounder
6,Jos Buttler,548,13,13,3,95*,54.8,353,155.24,0,5,52,21,2018,RR,44000000.0,Wicket Keeper
8,Suryakumar Yadav,512,14,14,0,72,36.57,384,133.33,0,4,61,16,2018,MI,32000000.0,Batsman
9,Dinesh Karthik,498,16,16,6,52,49.8,337,147.77,0,2,49,16,2018,KKR,74000000.0,Wicket Keeper
10,Shikhar Dhawan,497,16,16,3,92*,38.23,363,136.91,0,4,59,14,2018,SRH,52000000.0,Batsman
11,Chris Lynn,491,16,16,1,74,32.73,377,130.23,0,3,56,18,2018,KKR,96000000.0,Batsman
15,Sanju Samson,441,15,15,1,92*,31.5,320,137.81,0,3,30,19,2018,RR,80000000.0,Wicket Keeper
17,Evin Lewis,382,13,13,0,65,29.38,276,138.4,0,2,32,24,2018,MI,38000000.0,Batsman
18,Ajinkya Rahane,370,15,14,1,65*,28.46,313,118.21,0,1,39,5,2018,RR,40000000.0,Batsman
21,Robin Uthappa,351,16,16,0,54,21.93,265,132.45,0,1,30,21,2018,KKR,64000000.0,Wicket Keeper
23,Nitish Rana,304,15,15,2,59,23.38,232,131.03,0,1,26,14,2018,KKR,34000000.0,All-Rounder
24,Karun Nair,301,13,12,0,54,25.08,221,136.19,0,2,23,13,2018,PBKS,56000000.0,Batsman
26,Manish Pandey,284,15,13,2,62*,25.81,246,115.44,0,3,22,5,2018,SRH,110000000.0,Batsman
27,Ishan Kishan,275,14,12,0,62,22.91,184,149.45,0,2,22,17,2018,MI,62000000.0,Wicket Keeper
29,Yusuf Pathan,260,15,13,4,45*,28.88,200,130.0,0,0,22,11,2018,SRH,19000000.0,All-Rounder
30,Mandeep Singh,252,14,13,3,47*,25.2,186,135.48,0,0,16,11,2018,RCB,14000000.0,All-Rounder
31,Prithvi Shaw,245,9,9,0,65,27.22,160,153.12,0,2,27,10,2018,DC,6000000.0,Batsman
32,Shakib Al Hasan,239,17,13,2,35,21.72,197,121.31,0,0,26,5,2018,SRH,20000000.0,All-Rounder
33,Krunal Pandya,228,14,13,3,41*,22.8,157,145.22,0,0,22,10,2018,MI,88000000.0,All-Rounder
34,Rahul Tripathi,226,12,12,3,80*,25.11,167,135.32,0,1,18,8,2018,RR,34000000.0,Batsman
35,Vijay Shankar,212,13,11,7,54*,53.0,148,143.24,0,1,11,11,2018,DC,18000000.0,All-Rounder
36,Shubman Gill,203,13,11,5,57*,33.83,139,146.04,0,1,22,5,2018,KKR,18000000.0,Batsman
39,Glenn Maxwell,169,12,12,0,47,14.08,120,140.83,0,0,14,9,2018,DC,12600000.0,All-Rounder
41,Parthiv Patel,153,6,6,1,53,30.6,109,140.36,0,1,20,4,2018,RCB,17000000.0,Wicket Keeper
43,Dwayne Bravo,141,16,10,6,68,35.25,91,154.94,0,1,8,10,2018,CSK,36000000.0,All-Rounder
44,Aaron Finch,134,10,9,1,46,16.75,100,134.0,0,0,6,8,2018,PBKS,62000000.0,Batsman
45,Kieron Pollard,133,9,8,1,50,19.0,100,133.0,0,1,10,7,2018,MI,54000000.0,All-Rounder
47,Brendon McCullum,127,6,6,0,43,21.16,88,144.31,0,0,16,6,2018,RCB,36000000.0,Batsman
48,Krishnappa Gowtham,126,15,13,4,33*,14.0,64,196.87,0,0,9,9,2018,RR,62000000.0,Bowler
49,Wriddhiman Saha,122,11,10,2,35,15.25,102,119.6,0,0,17,1,2018,SRH,50000000.0,Wicket Keeper
50,Jason Roy,120,5,5,1,91*,30.0,94,127.65,0,1,9,7,2018,DC,6000000.0,Batsman
51,Mayank Agarwal,120,11,11,1,30,12.0,94,127.65,0,0,9,5,2018,PBKS,10000000.0,Batsman
53,Sam Billings,108,10,8,0,56,13.5,78,138.46,0,1,8,5,2018,CSK,37500000.0,Wicket Keeper
54,Ravichandran Ashwin,102,14,9,1,45,12.75,71,143.66,0,0,7,5,2018,PBKS,76000000.0,All-Rounder
55,Marcus Stoinis,99,7,7,3,29*,24.75,76,130.26,0,0,6,4,2018,PBKS,62000000.0,All-Rounder
56,Ben Cutting,96,9,6,2,37,24.0,58,165.51,0,0,5,8,2018,MI,22000000.0,All-Rounder
58,Deepak Hooda,87,9,8,4,32*,21.75,81,107.4,0,0,2,3,2018,SRH,36000000.0,All-Rounder
59,Gautam Gambhir,85,6,5,0,55,17.0,88,96.59,0,1,8,1,2018,DC,6000000.0,Batsman
61,Moeen Ali,77,5,4,0,65,19.25,46,167.39,0,1,4,6,2018,RCB,17000000.0,All-Rounder
62,Carlos Brathwaite,75,4,4,1,43*,25.0,48,156.25,0,0,1,8,2018,SRH,20000000.0,All-Rounder
63,David Miller,74,3,3,1,26,37.0,64,115.62,0,0,3,2,2018,PBKS,30000000.0,Batsman
65,Yuvraj Singh,65,8,6,0,20,10.83,73,89.04,0,0,6,2,2018,PBKS,20000000.0,All-Rounder
66,Abhishek Sharma,63,3,3,2,46*,63.0,33,190.9,0,0,3,5,2018,DC,5500000.0,All-Rounder
67,Colin Munro,63,5,5,0,33,12.6,41,153.65,0,0,7,4,2018,DC,40500000.0,All-Rounder
68,Harshal Patel,60,5,2,1,36*,60.0,33,181.81,0,0,1,6,2018,DC,2000000.0,All-Rounder
71,Manan Vohra,55,4,4,0,45,13.75,47,117.02,0,0,2,4,2018,RCB,11000000.0,Batsman
72,Shreevats Goswami,52,6,3,0,35,17.33,40,130.0,0,0,6,1,2018,SRH,10000000.0,Wicket Keeper
73,Tim Southee,52,8,4,2,36*,26.0,46,113.04,0,0,5,1,2018,RCB,10000000.0,Bowler
75,Rahul Tewatia,50,8,5,2,24,16.66,43,116.27,0,0,5,1,2018,DC,17400000.0,All-Rounder
76,Shreyas Gopal,50,11,4,1,24,16.66,45,111.11,0,0,5,0,2018,RR,2000000.0,All-Rounder
77,Deepak Chahar,50,12,4,1,39,16.66,29,172.41,0,0,1,4,2018,CSK,60000000.0,All-Rounder
78,Jaydev Unadkat,49,15,7,3,26,12.25,38,128.94,0,0,6,1,2018,RR,115000000.0,Bowler
79,Manoj Tiwary,47,5,4,1,35,15.66,44,106.81,0,0,4,1,2018,PBKS,10000000.0,Batsman
81,Stuart Binny,44,7,5,0,22,8.8,39,112.82,0,0,2,2,2018,RR,5000000.0,All-Rounder
83,Andrew Tye,32,14,8,2,14,5.33,38,84.21,0,0,2,1,2018,PBKS,72000000.0,Bowler
84,Rinku Singh,29,4,4,0,16,7.25,31,93.54,0,0,4,0,2018,KKR,8000000.0,Batsman
85,Harbhajan Singh,29,13,3,0,19,9.66,36,80.55,0,0,3,1,2018,CSK,3000000.0,Bowler
86,Piyush Chawla,27,15,7,3,12,6.75,34,79.41,0,0,1,1,2018,KKR,42000000.0,Bowler
88,Mohammed Siraj,25,11,4,2,14,12.5,22,113.63,0,0,2,1,2018,RCB,26000000.0,Bowler
89,Kedar Jadhav,24,1,1,1,24*,0.0,22,109.09,0,0,1,2,2018,CSK,37500000.0,All-Rounder
91,Mayank Markande,21,14,6,4,7*,10.5,24,87.5,0,0,2,0,2018,MI,2000000.0,Bowler
92,Mahipal Lomror,20,2,2,1,11,20.0,21,95.23,0,0,1,0,2018,RR,2000000.0,All-Rounder
93,Mohammad Nabi,18,2,2,0,14,9.0,12,150.0,0,0,3,0,2018,SRH,10000000.0,All-Rounder
95,Chris Woakes,17,5,4,2,11,8.5,19,89.47,0,0,1,1,2018,RCB,74000000.0,All-Rounder
96,Mitchell Johnson,16,6,2,2,12*,0.0,11,145.45,0,0,2,0,2018,KKR,20000000.0,Bowler
97,Jofra Archer,15,10,8,3,8,3.0,21,71.42,0,0,2,0,2018,RR,72000000.0,All-Rounder
99,Shivam Mavi,13,9,4,1,7,4.33,15,86.66,0,0,1,0,2018,KKR,30000000.0,All-Rounder
101,Murali Vijay,12,1,1,0,12,12.0,10,120.0,0,0,0,1,2018,CSK,15600000.0,Batsman
105,Mohit Sharma,10,9,4,3,4*,10.0,13,76.92,0,0,1,0,2018,PBKS,24000000.0,Bowler
108,Akshdeep Nath,9,1,1,0,9,9.0,13,69.23,0,0,1,0,2018,PBKS,10000000.0,All-Rounder
109,Dhruv Shorey,8,1,1,0,8,8.0,9,88.88,0,0,0,1,2018,CSK,40500000.0,All-Rounder
110,Prashant Chopra,8,1,1,0,8,8.0,6,133.33,0,0,2,0,2018,RR,2000000.0,Wicket Keeper
112,Mohammad Shami,7,4,1,0,7,7.0,6,116.66,0,0,1,0,2018,DC,9000000.0,Bowler
114,Shahbaz Nadeem,6,6,1,1,6*,0.0,8,75.0,0,0,0,0,2018,DC,24000000.0,Bowler
115,Dhawal Kulkarni,6,8,2,1,3*,6.0,7,85.71,0,0,0,0,2018,RR,7500000.0,Bowler
116,Billy Stanlake,5,4,1,1,5*,0.0,2,250.0,0,0,1,0,2018,SRH,5000000.0,Batsman
118,Pawan Negi,3,2,2,0,3,1.5,5,60.0,0,0,0,0,2018,RCB,10000000.0,All-Rounder
119,Anureet Singh,3,3,1,1,3*,0.0,4,75.0,0,0,0,0,2018,RR,3000000.0,Bowler
120,Basil Thampi,3,4,2,1,3,3.0,6,50.0,0,0,0,0,2018,SRH,9500000.0,Bowler
122,Umesh Yadav,3,14,5,1,1*,0.75,11,27.27,0,0,0,0,2018,RCB,42000000.0,Bowler
123,Siddarth Kaul,3,17,4,1,2,1.0,14,21.42,0,0,0,0,2018,SRH,38000000.0,Bowler
124,Imran Tahir,2,6,1,1,2*,0.0,2,100.0,0,0,0,0,2018,CSK,3000000.0,Bowler
125,Mark Wood,1,1,1,0,1,1.0,3,33.33,0,0,0,0,2018,CSK,18000000.0,Bowler
126,Naman Ojha,1,1,1,0,1,1.0,4,25.0,0,0,0,0,2018,DC,6000000.0,Wicket Keeper
129,Ben Laughlin,1,7,2,1,1*,1.0,4,25.0,0,0,0,0,2018,RR,5000000.0,Bowler
131,Mustafizur Rahman,1,7,2,1,1,1.0,3,33.33,0,0,0,0,2018,MI,22000000.0,Bowler
133,Amit Mishra,1,10,1,1,1*,0.0,2,50.0,0,0,0,0,2018,DC,31500000.0,Bowler
134,Pradeep Sangwan,0,1,1,0,0*,0.0,4,0.0,0,0,0,0,2018,MI,15000000.0,Bowler
135,Ricky Bhui,0,1,1,0,0*,0.0,5,0.0,0,0,0,0,2018,SRH,2000000.0,Batsman
136,Sandeep Sharma,0,12,3,1,0*,0.0,4,0.0,0,0,0,0,2018,SRH,30000000.0,Bowler
137,Trent Boult,0,14,1,0,0*,0.0,2,0.0,0,0,0,0,2018,DC,3000000.0,Bowler
10,Jonny Bairstow,445,10,10,2,114,55.62,283,157.24,1,2,48,18,2019,SRH,22000000.0,Wicket Keeper
38,Colin Ingram,184,12,12,2,47,18.4,154,119.48,0,0,20,5,2019,DC,1200000.0,Batsman
44,Riyan Parag,160,7,5,0,50,32.0,126,126.98,0,1,17,5,2019,RR,2000000.0,All-Rounder
54,Yuvraj Singh,98,4,4,0,53,24.5,75,130.66,0,1,7,6,2019,MI,6000000.0,All-Rounder
55,Sam Curran,95,9,8,4,55*,23.75,55,172.72,0,1,13,3,2019,PBKS,27000000.0,All-Rounder
56,Shimron Hetmyer,90,5,5,0,75,18.0,73,123.28,0,1,4,7,2019,RCB,42000000.0,Batsman
57,Wriddhiman Saha,86,5,5,0,28,17.2,53,162.26,0,0,13,1,2019,SRH,12000000.0,Wicket Keeper
59,Martin Guptill,81,3,3,0,36,27.0,53,152.83,0,0,4,7,2019,SRH,10000000.0,Batsman
61,Sherfane Rutherford,73,7,7,2,28*,14.6,54,135.18,0,0,2,7,2019,DC,27000000.0,All-Rounder
62,Liam Livingstone,71,4,4,1,44,23.66,48,147.91,0,0,6,5,2019,RR,5000000.0,All-Rounder
68,Akshdeep Nath,61,8,5,0,24,12.2,57,107.01,0,0,5,2,2019,RCB,36000000.0,All-Rounder
73,Shivam Dube,40,4,4,1,24,13.33,33,121.21,0,0,1,3,2019,RCB,50000000.0,All-Rounder
82,Harpreet Brar,20,2,1,1,20*,0.0,12,166.66,0,0,2,1,2019,PBKS,1200000.0,All-Rounder
83,Prayas Ray Barman,19,1,1,0,19,19.0,24,79.16,0,0,2,0,2019,RCB,15000000.0,All-Rounder
86,Keemo Paul,18,8,6,1,7,3.6,24,75.0,0,0,1,1,2019,DC,3000000.0,All-Rounder
87,Prabhsimran Singh,16,1,1,0,16,16.0,17,94.11,0,0,1,1,2019,PBKS,6000000.0,Wicket Keeper
95,Carlos Brathwaite,11,2,2,0,6,5.5,10,110.0,0,0,1,0,2019,KKR,24000000.0,All-Rounder
97,Ishant Sharma,10,13,3,3,10*,0.0,3,333.33,0,0,1,1,2019,DC,15600000.0,Bowler
100,Heinrich Klaasen,9,3,2,0,6,4.5,10,90.0,0,0,0,0,2019,RCB,5000000.0,Wicket Keeper
119,Hanuma Vihari,4,2,2,0,2,2.0,8,50.0,0,0,0,0,2019,DC,1200000.0,Batsman
122,Ashton Turner,3,4,4,1,3*,1.0,10,30.0,0,0,0,0,2019,RR,5000000.0,All-Rounder
123,Varun Aaron,3,5,1,1,3*,0.0,7,42.85,0,0,0,0,2019,RR,24000000.0,Bowler
124,Hardus Viljoen,3,6,3,1,2*,1.5,7,42.85,0,0,0,0,2019,PBKS,42000000.0,Bowler
129,Harry Gurney,1,8,1,1,1*,0.0,5,20.0,0,0,0,0,2019,KKR,9000000.0,Bowler
131,Jaydev Unadkat,1,11,4,3,1,1.0,3,33.33,0,0,0,0,2019,RR,84000000.0,Bowler
132,Mohammad Shami,1,14,2,1,1*,1.0,2,50.0,0,0,0,0,2019,PBKS,24000000.0,Bowler
133,Joe Denly,0,1,1,0,0*,0.0,1,0.0,0,0,0,0,2019,KKR,17400000.0,Batsman
134,Mohit Sharma,0,1,1,1,0*,0.0,2,0.0,0,0,0,0,2019,CSK,37500000.0,Bowler
137,Prithvi Raj Yarra,0,2,1,1,0*,0.0,1,0.0,0,0,0,0,2019,KKR,40500000.0,Bowler
20,Marcus Stoinis,352,17,17,3,65,25.14,237,148.52,0,3,31,16,2020,DC,27000000.0,All-Rounder
31,Aaron Finch,268,12,12,0,52,22.33,241,111.2,0,1,28,8,2020,RCB,6000000.0,Batsman
40,Robin Uthappa,196,12,12,0,41,16.33,164,119.51,0,0,19,7,2020,RR,24000000.0,Batsman
41,Sam Curran,186,14,11,3,52,23.25,141,131.91,0,1,12,12,2020,CSK,36000000.0,All-Rounder
42,Shimron Hetmyer,185,12,11,3,45,23.12,125,148.0,0,0,11,12,2020,DC,1200000.0,Batsman
45,Priyam Garg,133,14,10,1,51*,14.77,111,119.81,0,1,9,4,2020,SRH,19000000.0,Batsman
53,Abdul Samad,111,12,8,3,33,22.2,65,170.76,0,0,8,6,2020,SRH,2000000.0,All-Rounder
56,Glenn Maxwell,108,13,11,4,32,15.42,106,101.88,0,0,9,0,2020,PBKS,60000000.0,All-Rounder
58,Deepak Hooda,101,7,5,4,62*,101.0,71,142.25,0,1,5,5,2020,PBKS,43500000.0,All-Rounder
61,Tom Curran,83,5,4,3,54*,83.0,62,133.87,0,1,5,3,2020,RR,24000000.0,All-Rounder
71,Yashasvi Jaiswal,40,3,3,0,34,13.33,44,90.9,0,0,2,2,2020,RR,1200000.0,All-Rounder
78,Alex Carey,32,3,3,1,14*,16.0,29,110.34,0,0,0,1,2020,DC,15600000.0,Wicket Keeper
80,Chris Jordan,29,9,5,2,13,9.66,31,93.54,0,0,2,0,2020,PBKS,24000000.0,All-Rounder
85,Tushar Deshpande,21,5,2,1,20*,21.0,12,175.0,0,0,2,1,2020,DC,37500000.0,Bowler
90,Prabhsimran Singh,15,2,2,0,11,7.5,15,100.0,0,0,2,0,2020,PBKS,3000000.0,Wicket Keeper
91,Isuru Udana,15,10,4,1,10*,5.0,11,136.36,0,0,1,1,2020,RCB,1200000.0,All-Rounder
103,Jaydev Unadkat,9,7,1,0,9,9.0,13,69.23,0,0,0,0,2020,RR,12600000.0,Bowler
108,Ravi Bishnoi,7,14,3,2,6*,7.0,12,58.33,0,0,1,0,2020,PBKS,6000000.0,Bowler
110,Andrew Tye,6,1,1,0,6,6.0,6,100.0,0,0,0,1,2020,RR,18000000.0,Bowler
113,Kartik Tyagi,4,10,3,2,2*,4.0,6,66.66,0,0,0,0,2020,RR,31500000.0,Bowler
122,Dale Steyn,1,3,1,1,1*,0.0,2,50.0,0,0,0,0,2020,RCB,6000000.0,Bowler
125,Mitchell Marsh,0,1,1,0,0*,0.0,1,0.0,0,0,0,0,2020,SRH,20000000.0,All-Rounder
130,Sheldon Cottrell,0,6,1,0,0*,0.0,2,0.0,0,0,0,0,2020,PBKS,27000000.0,Bowler
5,Glenn Maxwell,513,15,14,2,78,42.75,356,144.1,0,6,48,21,2021,RCB,142500000.0,All-Rounder
16,Venkatesh Iyer,370,10,10,1,67,41.11,288,128.47,0,4,37,14,2021,KKR,40500000.0,All-Rounder
17,Moeen Ali,357,15,15,1,58,25.5,260,137.3,0,1,31,19,2021,CSK,36000000.0,All-Rounder
30,Shivam Dube,230,9,9,1,64*,28.75,193,119.17,0,1,18,10,2021,RR,44000000.0,All-Rounder
41,Shahrukh Khan,153,11,10,3,47,21.85,114,134.21,0,0,9,10,2021,PBKS,40500000.0,All-Rounder
64,Rajat Patidar,71,4,4,0,31,17.75,62,114.51,0,0,3,3,2021,RCB,2000000.0,Batsman
67,Kyle Jamieson,65,9,7,3,16*,16.25,55,118.18,0,0,5,3,2021,RCB,150000000.0,All-Rounder
74,Kedar Jadhav,55,6,5,1,19,13.75,52,105.76,0,0,2,2,2021,SRH,20000000.0,All-Rounder
76,Shakib Al Hasan,47,8,6,1,26,9.4,48,97.91,0,0,3,1,2021,KKR,24000000.0,All-Rounder
80,Liam Livingstone,42,5,5,0,25,8.4,41,102.43,0,0,3,1,2021,RR,7500000.0,All-Rounder
87,Moises Henriques,31,5,4,2,14,15.5,32,96.87,0,0,0,1,2021,PBKS,25500000.0,All-Rounder
89,Dawid Malan,26,1,1,0,26,26.0,26,100.0,0,0,1,1,2021,PBKS,6000000.0,All-Rounder
91,Ripal Patel,25,2,2,1,18,25.0,27,92.59,0,0,3,0,2021,DC,37500000.0,All-Rounder
93,Tom Curran,21,3,2,1,21,21.0,17,123.52,0,0,2,0,2021,DC,15600000.0,All-Rounder
99,Adam Milne,16,4,3,1,15,8.0,17,94.11,0,0,0,1,2021,MI,1200000.0,Bowler
100,Chetan Sakariya,16,14,6,1,7,3.2,25,64.0,0,0,2,0,2021,RR,12000000.0,Bowler
104,Jhye Richardson,15,3,2,0,15,7.5,24,62.5,0,0,2,0,2021,PBKS,6000000.0,Bowler
108,Dan Christian,14,9,7,1,9,2.33,24,58.33,0,0,1,0,2021,RCB,48000000.0,All-Rounder
116,Mustafizur Rahman,8,14,5,5,8*,0.0,14,57.14,0,0,0,1,2021,RR,10000000.0,Bowler
117,Sachin Baby,7,1,1,0,7,7.0,17,41.17,0,0,0,0,2021,RCB,2000000.0,Batsman
120,Fabian Allen,6,4,3,2,6,6.0,12,50.0,0,0,0,0,2021,PBKS,6000000.0,All-Rounder
123,Harbhajan Singh,4,3,2,2,2*,0.0,4,100.0,0,0,0,0,2021,KKR,6000000.0,Bowler
124,Nathan Coulter-Nile,4,5,2,0,3,2.0,5,80.0,0,0,0,0,2021,MI,12600000.0,Bowler
142,Kuldip Yadav,0,1,1,1,0*,0.0,4,0.0,0,0,0,0,2021,RR,2000000.0,Bowler
143,Piyush Chawla,0,1,1,0,0*,0.0,2,0.0,0,0,0,0,2021,MI,31500000.0,Bowler
146,Marco Jansen,0,2,2,0,0*,0.0,3,0.0,0,0,0,0,2021,MI,17400000.0,All-Rounder
3,Quinton De Kock,508,15,15,1,140*,36.29,341,148.97,1,3,47,23,2022,LSG,67500000.0,Wicket Keeper
6,David Miller,481,16,16,9,94*,68.71,337,142.72,0,2,32,23,2022,GT,30000000.0,Batsman
7,Faf Du Plessis,468,16,16,1,96,31.20,367,127.52,0,3,49,13,2022,RCB,70000000.0,Batsman
8,Shikhar Dhawan,460,14,14,2,88*,38.33,375,122.66,0,3,47,12,2022,PBKS,82500000.0,Batsman
10,Deepak Hooda,451,15,14,0,59,32.21,330,136.66,0,4,36,18,2022,LSG,57500000.0,All-Rounder
11,Liam Livingstone,437,14,14,2,70,36.42,240,182.08,0,4,29,34,2022,PBKS,115000000.0,All-Rounder
12,David Warner,432,12,12,3,92*,48.00,287,150.52,0,5,52,15,2022,DC,1200000.0,Batsman
13,Abhishek Sharma,426,14,14,0,75,30.43,320,133.12,0,2,47,13,2022,SRH,65000000.0,All-Rounder
14,Ishan Kishan,418,14,14,1,81*,32.15,348,120.11,0,3,45,11,2022,MI,152500000.0,Wicket Keeper
15,Rahul Tripathi,413,14,14,3,76,37.55,261,158.23,0,3,40,20,2022,SRH,85000000.0,Batsman
16,Shreyas Iyer,401,14,14,1,85,30.85,298,134.56,0,3,41,11,2022,KKR,122500000.0,Batsman
18,Aiden Markram,381,14,12,4,68*,47.63,274,139.05,0,3,25,19,2022,SRH,26000000.0,Batsman
19,Devdutt Padikkal,376,17,17,0,54,22.12,306,122.87,0,1,40,14,2022,RR,77500000.0,Batsman
21,Nitish Rana,361,14,14,1,57,27.77,251,143.82,0,2,29,22,2022,KKR,80000000.0,All-Rounder
26,Dinesh Karthik,330,16,16,10,66*,55.00,180,183.33,0,1,27,22,2022,RCB,55000000.0,Wicket Keeper
27,Wriddhiman Saha,317,11,11,1,68,31.70,259,122.39,0,3,40,7,2022,GT,19000000.0,Wicket Keeper
28,Shimron Hetmyer,314,15,15,8,59*,44.86,204,153.92,0,1,21,21,2022,RR,85000000.0,Batsman
29,Nicholas Pooran,306,14,13,5,64*,38.25,212,144.33,0,2,16,21,2022,SRH,107500000.0,Wicket Keeper
32,Shivam Dube,289,11,11,1,95*,28.90,185,156.21,0,2,22,16,2022,CSK,1200000.0,All-Rounder
34,Ambati Rayudu,274,13,11,0,78,24.91,224,122.32,0,1,25,15,2022,CSK,36000000.0,Wicket Keeper
37,Jonny Bairstow,253,11,11,0,66,23.00,175,144.57,0,2,34,9,2022,PBKS,67500000.0,Wicket Keeper
38,Devon Conway,252,7,7,1,87,42.00,173,145.66,0,3,22,12,2022,CSK,37500000.0,Batsman
39,Mitchell Marsh,251,8,8,0,89,31.38,189,132.8,0,2,19,14,2022,DC,12600000.0,All-Rounder
40,Rovman Powell,250,14,12,2,67*,25.00,167,149.7,0,1,10,22,2022,DC,18000000.0,Batsman
42,Jitesh Sharma,234,12,10,2,44,29.25,143,163.63,0,0,22,12,2022,PBKS,2000000.0,Wicket Keeper
44,Robin Uthappa,230,12,11,0,88,20.91,171,134.5,0,2,19,14,2022,CSK,27000000.0,Batsman
46,Rahul Tewatia,217,16,12,5,43*,31.00,147,147.61,0,0,22,9,2022,GT,90000000.0,All-Rounder
48,Bhanuka Rajapaksa,206,9,9,0,43,22.89,129,159.68,0,0,16,13,2022,PBKS,5000000.0,Batsman
51,Tim David,186,8,8,3,46,37.20,86,216.27,0,0,12,16,2022,MI,82500000.0,All-Rounder
52,Riyan Parag,183,17,14,3,56*,16.64,132,138.63,0,1,11,10,2022,RR,38000000.0,All-Rounder
53,Krunal Pandya,183,14,13,4,42,20.33,145,126.2,0,0,16,4,2022,LSG,82500000.0,All-Rounder
56,Rinku Singh,174,7,7,2,42*,34.80,117,148.71,0,0,17,7,2022,KKR,5500000.0,Batsman
57,Sam Billings,169,8,8,1,36,24.14,138,122.46,0,0,9,10,2022,KKR,20000000.0,Wicket Keeper
58,Dewald Brevis,161,7,7,0,49,23.00,113,142.47,0,0,14,11,2022,MI,30000000.0,Batsman
59,Ayush Badoni,161,13,11,3,54,20.13,130,123.84,0,1,11,7,2022,LSG,2000000.0,All-Rounder
60,Lalit Yadav,161,12,8,1,48*,23.00,146,110.27,0,0,11,7,2022,DC,25500000.0,All-Rounder
61,Matthew Wade,157,10,10,0,35,15.70,138,113.76,0,0,23,2,2022,GT,24000000.0,Wicket Keeper
65,Ajinkya Rahane,133,7,7,0,44,19.00,128,103.9,0,0,14,4,2022,KKR,10000000.0,Batsman
66,Anuj Rawat,129,8,8,0,66,16.13,118,109.32,0,1,10,7,2022,RCB,34000000.0,Wicket Keeper
67,Shardul Thakur,120,14,10,2,29*,15.00,87,137.93,0,0,7,7,2022,DC,24000000.0,Bowler
68,Shahrukh Khan,117,8,8,1,26,16.71,108,108.33,0,0,4,9,2022,PBKS,90000000.0,All-Rounder
71,Washington Sundar,101,9,7,0,40,14.43,69,146.37,0,0,9,3,2022,SRH,87500000.0,All-Rounder
73,Sarfaraz Khan,91,6,5,2,36*,30.33,67,135.82,0,0,9,2,2022,DC,2000000.0,All-Rounder
74,Manish Pandey,88,6,6,0,38,14.67,80,110.0,0,0,9,2,2022,LSG,46000000.0,Batsman
75,Mahipal Lomror,86,7,5,0,42,17.20,57,150.87,0,0,7,4,2022,RCB,9500000.0,All-Rounder
77,Rahul Chahar,77,13,8,2,25*,12.83,68,113.23,0,0,7,4,2022,PBKS,52500000.0,Bowler
78,Evin Lewis,73,6,5,2,55*,24.33,56,130.35,0,1,8,3,2022,LSG,20000000.0,Batsman
80,Shashank Singh,69,10,5,1,25*,17.25,47,146.8,0,0,5,4,2022,SRH,2000000.0,All-Rounder
82,Pat Cummins,63,5,5,1,56*,15.75,24,262.5,0,1,5,6,2022,KKR,72500000.0,All-Rounder
83,Jaydev Unadkat,59,5,5,2,19*,19.67,37,159.45,0,0,4,3,2022,MI,13000000.0,Bowler
84,Romario Shepherd,58,3,3,1,26*,29.00,41,141.46,0,0,2,5,2022,SRH,77500000.0,All-Rounder
85,Jason Holder,58,12,8,2,16,9.67,44,131.81,0,0,2,6,2022,LSG,87500000.0,All-Rounder
86,Umesh Yadav,55,12,7,3,21,13.75,40,137.5,0,0,4,4,2022,KKR,20000000.0,Bowler
87,Odean Smith,51,6,6,3,25*,17.00,44,115.9,0,0,1,5,2022,PBKS,60000000.0,All-Rounder
88,Kagiso Rabada,48,13,8,3,25,9.60,43,111.62,0,0,5,2,2022,PBKS,92500000.0,Bowler
89,Kuldeep Yadav,48,14,7,6,16*,48.00,52,92.3,0,0,3,2,2022,DC,9000000.0,Bowler
90,Priyam Garg,46,2,2,0,42,23.00,33,139.39,0,0,4,2,2022,SRH,2000000.0,Batsman
91,Ramandeep Singh,45,5,4,2,14*,22.50,40,112.5,0,0,3,1,2022,MI,2000000.0,All-Rounder
92,Dwaine Pretorius,44,6,5,1,22,11.00,28,157.14,0,0,3,3,2022,CSK,60000000.0,All-Rounder
94,Harshal Patel,43,15,8,3,11,8.60,39,110.25,0,0,4,2,2022,RCB,107500000.0,All-Rounder
95,Hrithik Shokeen,43,5,3,1,25,21.50,48,89.58,0,0,5,0,2022,MI,2000000.0,All-Rounder
96,Trent Boult,40,16,8,6,17*,20.00,29,137.93,0,0,2,1,2022,RR,80000000.0,Bowler
98,Daniel Sams,38,11,10,3,15,5.43,36,105.55,0,0,1,3,2022,MI,26000000.0,All-Rounder
99,Wanindu Hasaranga,38,16,7,0,18,5.43,43,88.37,0,0,4,1,2022,RCB,107500000.0,All-Rounder
100,Rishi Dhawan,37,6,4,2,21*,18.50,40,92.5,0,0,4,2,2022,PBKS,5500000.0,All-Rounder
101,Daryl Mitchell,33,2,2,0,17,16.50,44,75.0,0,0,1,0,2022,RR,7500000.0,All-Rounder
102,Sherfane Rutherford,33,3,2,0,28,16.50,50,66.0,0,0,1,1,2022,RCB,10000000.0,All-Rounder
103,James Neesham,31,2,2,0,17,15.50,27,114.81,0,0,3,0,2022,RR,15000000.0,All-Rounder
105,Tim Seifert,24,2,2,0,21,12.00,19,126.31,0,0,4,0,2022,DC,6000000.0,Wicket Keeper
106,Bhuvneshwar Kumar,24,14,6,3,8,8.00,26,92.3,0,0,3,0,2022,SRH,42000000.0,Bowler
107,Mohsin Khan,23,9,3,2,13*,23.00,16,143.75,0,0,2,1,2022,LSG,2000000.0,Bowler
108,Dwayne Bravo,23,10,6,4,12,11.50,24,95.83,0,0,1,1,2022,CSK,1200000.0,All-Rounder
109,Sheldon Jackson,23,5,5,1,8,5.75,26,88.46,0,0,0,1,2022,KKR,6000000.0,Wicket Keeper
110,Avesh Khan,22,13,4,3,12,22.00,13,169.23,0,0,0,3,2022,LSG,100000000.0,Bowler
112,Harpreet Brar,22,5,3,0,14,7.33,25,88.0,0,0,1,2,2022,PBKS,38000000.0,All-Rounder
113,Mitchell Santner,22,6,4,2,11,11.00,27,81.48,0,0,3,0,2022,CSK,15600000.0,All-Rounder
116,Manan Vohra,19,2,1,0,19,19.00,11,172.72,0,0,1,2,2022,LSG,2000000.0,Batsman
117,Vijay Shankar,19,4,4,0,13,4.75,35,54.28,0,0,1,0,2022,GT,14000000.0,All-Rounder
118,Mandeep Singh,18,3,3,0,18,6.00,23,78.26,0,0,4,0,2022,DC,40500000.0,Batsman
119,Josh Hazlewood,18,12,5,5,7*,-,26,69.23,0,0,1,0,2022,RCB,77500000.0,Bowler
120,David Willey,18,4,2,0,18,9.00,30,60.0,0,0,3,0,2022,RCB,20000000.0,All-Rounder
121,Karun Nair,16,3,2,0,13,8.00,18,88.88,0,0,1,0,2022,RR,14000000.0,Batsman
123,Anmolpreet Singh,13,2,2,0,8,6.50,13,100.0,0,0,1,0,2022,MI,2000000.0,Batsman
124,Murugan Ashwin,12,8,5,2,6,4.00,14,85.71,0,0,1,1,2022,MI,16000000.0,Bowler
126,Chris Jordan,11,4,2,1,6*,11.00,8,137.5,0,0,0,0,2022,CSK,1200000.0,All-Rounder
128,Shreyas Gopal,9,1,1,1,9*,-,7,128.57,0,0,2,0,2022,SRH,7500000.0,Bowler
129,Marco Jansen,9,8,3,2,8*,9.00,7,128.57,0,0,0,1,2022,SRH,42000000.0,All-Rounder
132,Fabian Allen,8,1,1,0,8,8.00,7,114.28,0,0,1,0,2022,MI,7500000.0,All-Rounder
133,Sean Abbott,7,1,1,0,7,7.00,5,140.0,0,0,0,1,2022,SRH,24000000.0,Bowler
135,Kartik Tyagi,7,2,2,0,7,3.50,6,116.66,0,0,1,0,2022,SRH,40000000.0,Bowler
136,Maheesh Theekshana,7,9,2,1,7*,7.00,7,100.0,0,0,0,1,2022,CSK,3000000.0,Bowler
137,Simarjeet Singh,7,6,3,2,3*,7.00,8,87.5,0,0,0,0,2022,CSK,43500000.0,Bowler
138,Ripal Patel,6,2,1,0,6,6.00,3,200.0,0,0,0,1,2022,DC,2000000.0,All-Rounder
139,Mukesh Choudhary,6,13,2,1,4,6.00,6,100.0,0,0,1,0,2022,CSK,40500000.0,Bowler
140,Prasidh Krishna,6,17,3,2,4*,6.00,12,50.0,0,0,0,0,2022,RR,100000000.0,Bowler
141,Aman Khan,5,1,1,0,5,5.00,3,166.66,0,0,1,0,2022,KKR,2000000.0,All-Rounder
142,Lockie Ferguson,5,13,3,1,5,2.50,4,125.0,0,0,1,0,2022,GT,100000000.0,Bowler
143,Alzarri Joseph,5,9,3,2,4*,5.00,7,71.42,0,0,0,0,2022,GT,24000000.0,Bowler
144,Yuzvendra Chahal,5,17,2,1,5,5.00,8,62.5,0,0,0,0,2022,RR,65000000.0,Bowler
145,Vaibhav Arora,5,5,4,2,2*,2.50,13,38.46,0,0,0,0,2022,PBKS,20000000.0,Bowler
146,Prerak Mankad,4,1,1,1,4*,-,1,400.0,0,0,1,0,2022,PBKS,2000000.0,All-Rounder
147,Karan Sharma,4,1,1,0,4,4.00,4,100.0,0,0,1,0,2022,LSG,2000000.0,All-Rounder
149,Abhijeet Tomar,4,1,1,0,4,4.00,8,50.0,0,0,1,0,2022,KKR,4000000.0,Batsman
151,Mustafizur Rahman,3,8,1,1,3*,-,5,60.0,0,0,0,0,2022,DC,17400000.0,Bowler
153,Shivam Mavi,3,6,3,1,2,1.50,7,42.85,0,0,0,0,2022,KKR,72500000.0,All-Rounder
155,Navdeep Saini,2,2,1,0,2,2.00,2,100.0,0,0,0,0,2022,RR,26000000.0,Bowler
157,Pradeep Sangwan,2,3,1,0,2,2.00,5,40.0,0,0,0,0,2022,GT,2000000.0,All-Rounder
158,Fazalhaq Farooqi,2,3,1,1,2*,-,8,25.0,0,0,0,0,2022,SRH,5000000.0,Bowler
159,Jagadeesha Suchith,2,5,2,0,2,1.00,8,25.0,0,0,0,0,2022,SRH,2000000.0,Bowler
160,Tim Southee,2,9,5,1,1*,0.50,12,16.66,0,0,0,0,2022,KKR,15000000.0,Bowler
161,Nathan Coulter-Nile,1,1,1,1,1*,-,2,50.0,0,0,0,0,2022,RR,20000000.0,Bowler
11,Cameron Green,452,16,16,7,100*,50.22,282,160.28,1,2,40,22,2023,MI,175000000.0,All-Rounder
12,Heinrich Klaasen,448,12,11,2,104,49.78,253,177.07,1,2,32,25,2023,SRH,52500000.0,Wicket-Keeper
24,Nicholas Pooran,358,15,15,3,62,29.83,207,172.94,0,2,26,26,2023,LSG,17400000.0,Wicket-Keeper
29,Ajinkya Rahane,326,14,11,1,71*,32.60,189,172.48,0,2,24,16,2023,CSK,1200000.0,Batter
36,Sam Curran,276,14,13,3,55,27.60,203,135.96,0,1,20,13,2023,PBKS,185000000.0,All-Rounder
39,Mayank Agarwal,270,10,10,0,83,27.00,210,128.57,0,1,29,6,2023,SRH,82500000.0,Batter
49,Phil Salt,218,9,9,1,87,27.25,133,163.9,0,2,24,10,2023,DC,37500000.0,Wicket-Keeper
50,Rilee Rossouw,209,9,9,2,82*,29.86,141,148.22,0,1,17,11,2023,DC,30000000.0,Batter
52,Harry Brook,190,11,11,2,100*,21.11,154,123.37,1,0,23,4,2023,SRH,132500000.0,Batter
56,Manish Pandey,160,10,9,0,50,17.78,146,109.58,0,1,15,3,2023,DC,18000000.0,Batter
62,Sikandar Raza,139,7,7,2,57,27.80,98,141.83,0,1,10,6,2023,PBKS,5000000.0,All-Rounder
72,Anmolpreet Singh,105,4,4,0,36,26.25,82,128.04,0,0,15,2,2023,SRH,2000000.0,Batter
74,Prerak Mankad,93,5,5,2,64*,31.00,72,129.16,0,1,12,2,2023,LSG,1200000.0,All-Rounder
80,Harpreet Bhatia,76,3,3,0,41,25.33,59,128.81,0,0,8,3,2023,PBKS,4000000.0,Batter
82,Vivrant Sharma,69,3,1,0,69,69.00,47,146.8,0,1,9,2,2023,SRH,26000000.0,All-Rounder
96,Vishnu Vinod,37,3,3,0,30,12.33,31,119.35,0,0,2,2,2023,MI,2000000.0,Wicket-Keeper
103,Piyush Chawla,25,16,4,2,18,12.50,22,113.63,0,0,1,1,2023,MI,5000000.0,Bowler
107,Adil Rashid,22,2,2,0,18,11.00,16,137.5,0,0,2,1,2023,SRH,20000000.0,Bowler
109,David Wiese,21,3,3,2,12*,21.00,11,190.9,0,0,0,3,2023,KKR,24000000.0,All-Rounder
110,Mayank Markande,21,10,3,3,18*,-,13,161.53,0,0,2,1,2023,SRH,5000000.0,Bowler
116,Amit Mishra,19,7,1,0,19,19.00,30,63.33,0,0,2,0,2023,LSG,6000000.0,Bowler
119,Akeal Hosein,16,1,1,1,16*,-,10,160.0,0,0,1,1,2023,SRH,10000000.0,Bowler
124,Ben Stokes,15,2,2,0,8,7.50,14,107.14,0,0,2,0,2023,CSK,37500000.0,All-Rounder
125,Mandeep Singh,14,3,3,0,12,4.67,16,87.5,0,0,0,1,2023,KKR,1200000.0,Batter
129,Jason Holder,12,8,3,1,11,6.00,11,109.09,0,0,0,1,2023,RR,57500000.0,All-Rounder
132,Sanvir Singh,11,2,2,1,7,11.00,9,122.22,0,0,1,1,2023,SRH,2000000.0,All-Rounder
134,Joe Root,10,3,1,0,10,10.00,15,66.66,0,0,1,0,2023,RR,10000000.0,Batter
135,Adam Zampa,10,6,3,0,7,3.33,16,62.5,0,0,0,0,2023,RR,15000000.0,Bowler
136,Jaydev Unadkat,9,3,1,0,9,9.00,7,128.57,0,0,1,0,2023,LSG,25500000.0,Bowler
138,Mukesh Kumar,7,10,3,3,6*,-,9,77.77,0,0,0,0,2023,DC,3000000.0,Bowler
146,Litton Das,4,1,1,0,4,4.00,4,100.0,0,0,1,0,2023,KKR,31500000.0,Wicket-Keeper
149,Vaibhav Arora,3,5,2,2,2*,-,2,150.0,0,0,0,0,2023,KKR,12600000.0,Bowler
153,Swapnil Singh,2,2,1,1,2*,-,4,50.0,0,0,0,0,2023,LSG,6000000.0,All-Rounder
157,Ishant Sharma,1,8,1,1,1*,-,1,100.0,0,0,0,0,2023,DC,3000000.0,Bowler
160,Mohit Rathee,1,1,1,1,1*,-,2,50.0,0,0,0,0,2023,PBKS,2000000.0,All-Rounder
4,Travis Head,567,15,15,1,102,40.50,296,191.55,1,4,64,32,2024,SRH,68000000.0,Batter
22,Tristan Stubbs,378,14,13,6,71*,54.00,198,190.9,0,3,24,26,2024,DC,3000000.0,Wicket-Keeper
25,Shashank Singh,354,14,14,6,68*,44.25,215,164.65,0,2,28,21,2024,PBKS,2000000.0,Batter
33,Daryl Mitchell,318,13,13,2,63,28.91,223,142.6,0,2,27,10,2024,CSK,37500000.0,All-Rounder
46,Rachin Ravindra,222,10,10,0,61,22.20,138,160.86,0,1,22,12,2024,CSK,1200000.0,All-Rounder
50,Rilee Rossouw,211,8,8,0,61,26.38,116,181.89,0,1,25,11,2024,PBKS,80000000.0,Batter
54,Ashutosh Sharma,189,11,9,2,61,27.00,113,167.25,0,1,10,15,2024,PBKS,2000000.0,All-Rounder
57,Shai Hope,183,9,9,1,41,22.88,122,150.0,0,0,12,12,2024,DC,37500000.0,Wicket-Keeper
62,Angkrish Raghuvanshi,163,10,7,0,54,23.29,105,155.23,0,1,16,8,2024,KKR,3000000.0,Batter
66,Naman Dhir,140,7,7,1,62*,23.33,79,177.21,0,1,12,10,2024,MI,2000000.0,All-Rounder
67,Pat Cummins,136,16,10,4,35*,22.67,95,143.15,0,0,9,8,2024,SRH,205000000.0,All-Rounder
71,Shahrukh Khan,127,7,7,0,58,18.14,75,169.33,0,1,9,9,2024,GT,3000000.0,All-Rounder
72,Ramandeep Singh,125,15,9,5,35,31.25,62,201.61,0,0,5,12,2024,KKR,40500000.0,All-Rounder
77,Rovman Powell,103,10,7,1,27,17.17,68,151.47,0,0,10,6,2024,RR,74000000.0,Batter
95,Manish Pandey,42,1,1,0,42,42.00,31,135.48,0,0,2,2,2024,KKR,17400000.0,Batter
96,Azmatullah Omarzai,42,7,4,0,17,10.50,33,127.27,0,0,2,2,2024,GT,24000000.0,All-Rounder
99,Swapnil Singh,37,7,5,3,15*,18.50,21,176.19,0,0,3,3,2024,RCB,2000000.0,All-Rounder
100,Mohammad Nabi,35,7,5,1,23,8.75,31,112.9,0,0,2,2,2024,MI,15000000.0,All-Rounder
101,Shubham Dubey,33,4,3,1,25,16.50,19,173.68,0,0,3,2,2024,RR,58000000.0,Batter
107,Jaydev Unadkat,24,11,5,2,8*,8.00,26,92.3,0,0,2,1,2024,SRH,16000000.0,Bowler
112,Shardul Thakur,21,9,3,2,17,21.00,17,123.52,0,0,2,1,2024,CSK,1200000.0,All-Rounder
113,Ashton Turner,21,2,2,0,16,10.50,18,116.66,0,0,0,2,2024,LSG,1200000.0,Batter
118,Sumit Kumar,18,4,3,1,9*,9.00,24,75.0,0,0,2,1,2024,DC,18000000.0,All-Rounder
123,Gerald Coetzee,14,10,5,1,8,3.50,22,63.63,0,0,0,1,2024,MI,50000000.0,All-Rounder
125,Harshal Patel,13,14,4,1,12,4.33,19,68.42,0,0,1,1,2024,PBKS,117500000.0,All-Rounder
129,Umesh Yadav,12,7,2,1,10*,12.00,15,80.0,0,0,0,1,2024,GT,43500000.0,Bowler
134,Mitchell Starc,9,14,5,3,6*,4.50,11,81.81,0,0,1,0,2024,KKR,1200000.0,Bowler
138,Spencer Johnson,6,5,3,3,5*,-,7,85.71,0,0,1,0,2024,GT,6000000.0,Bowler
149,Kumar Kushagra,3,4,3,0,2,1.00,7,42.85,0,0,0,0,2024,DC,15600000.0,Wicket-Keeper
151,Ricky Bhui,3,2,2,0,3,1.50,9,33.33,0,0,0,0,2024,DC,60000000.0,Wicket-Keeper
154,Jhye Richardson,2,1,1,0,2,2.00,2,100.0,0,0,0,0,2024,DC,3000000.0,Bowler
155,Anshul Kamboj,2,3,1,1,2*,-,2,100.0,0,0,0,0,2024,MI,2000000.0,All-Rounder
162,Lockie Ferguson,1,7,1,0,1,1.00,1,100.0,0,0,0,0,2024,RCB,20000000.0,Bowler
165,Manav Suthar,1,1,1,0,1,1.00,2,50.0,0,0,0,0,2024,GT,12600000.0,Bowler
